Customer ID,Customer Name,Customer Country,Customer Type
CUST-0001,TradeFlow Sp. z o.o.,Poland,B2B
CUST-0002,TradeFlow s.r.o.,Czech Republic,B2B
CUST-0003,LogiWare GmbH,Austria,B2B
CUST-0004,TradeFlow s.r.o.,Czech Republic,B2B
CUST-0005,TradeFlow KFT,Hungary,B2B
CUST-0006,Euronics s.r.o.,Czech Republic,B2B
CUST-0007,TechBase s.r.o.,Slovakia,B2B
CUST-0008,Euronics d.o.o.,Slovenia,B2B
CUST-0009,Euronics GmbH,Austria,B2B
CUST-0010,Euronics Sp. z o.o.,Poland,B2B
CUST-0011,TradeFlow GmbH,Austria,B2B
CUST-0012,LogiWare s.r.o.,Czech Republic,B2B
CUST-0013,Euronics d.o.o.,Slovenia,B2B
CUST-0014,TradeFlow SRL,Romania,B2B
CUST-0015,MediFarm GmbH,Austria,B2B
CUST-0016,TechBase GmbH,Austria,B2B
CUST-0017,LogiWare Sp. z o.o.,Poland,B2B
CUST-0018,Euronics GmbH,Austria,B2B
CUST-0019,TechBase GmbH,Austria,B2B
CUST-0020,LogiWare GmbH,Austria,B2B
CUST-0021,David Èerný,Czech Republic,B2C
CUST-0022,Zuzana Kubiš,Slovakia,B2C
CUST-0023,Jan Fischer,Austria,B2C
CUST-0024,Jana Èerný,Czech Republic,B2C
CUST-0025,Maria Georgescu,Romania,B2C
CUST-0026,Miklós Tóth,Hungary,B2C
CUST-0027,Gabriel Petrescu,Romania,B2C
CUST-0028,Maria Ionescu,Romania,B2C
CUST-0029,Eva Mikloš,Slovakia,B2C
CUST-0030,Emil Pichler,Austria,B2C
CUST-0031,László Tóth,Hungary,B2C
CUST-0032,Lara Mlakar,Slovenia,B2C
CUST-0033,Ioana Ionescu,Romania,B2C
CUST-0034,Lilla Nagy,Hungary,B2C
CUST-0035,Nikol Lukáè,Slovakia,B2C
CUST-0036,Marta Wójcik,Poland,B2C
CUST-0037,Ema Procházka,Czech Republic,B2C
CUST-0038,Sara Zupan,Slovenia,B2C
CUST-0039,Karolina Mazur,Poland,B2C
CUST-0040,Tomasz Zieliñski,Poland,B2C
CUST-0041,Lilla Tóth,Hungary,B2C
CUST-0042,Radu Constantinescu,Romania,B2C
CUST-0043,Anna Kiss,Hungary,B2C
CUST-0044,Lukas Kováø,Czech Republic,B2C
CUST-0045,Eva Kováø,Czech Republic,B2C
CUST-0046,Matej Mlakar,Slovenia,B2C
CUST-0047,Michaela Procházka,Czech Republic,B2C
CUST-0048,Maria Ion,Romania,B2C
CUST-0049,Miklós Lakatos,Hungary,B2C
CUST-0050,Alexandra Petrescu,Romania,B2C
CUST-0051,Michael Weber,Austria,B2C
CUST-0052,Lara Novak,Slovenia,B2C
CUST-0053,Jan Weber,Austria,B2C
CUST-0054,Michaela Tóth,Slovakia,B2C
CUST-0055,Lukas Müller,Austria,B2C
CUST-0056,Diana Dumitrescu,Romania,B2C
CUST-0057,Zuzana Lukáè,Slovakia,B2C
CUST-0058,Jakub Kováø,Czech Republic,B2C
CUST-0059,Eva Èerný,Czech Republic,B2C
CUST-0060,Klara Potoènik,Slovenia,B2C
CUST-0061,Eva Novák,Czech Republic,B2C
CUST-0062,Klara Kovaè,Slovenia,B2C
CUST-0063,Matej Zupan,Slovenia,B2C
CUST-0064,Klara Kovaè,Slovenia,B2C
CUST-0065,Anna Müller,Austria,B2C
CUST-0066,Anna Bauer,Austria,B2C
CUST-0067,Jana Kucera,Slovakia,B2C
CUST-0068,József Mészáros,Hungary,B2C
CUST-0069,Elena Dumitrescu,Romania,B2C
CUST-0070,Emilia Zieliñski,Poland,B2C
CUST-0071,Alexandra Ionescu,Romania,B2C
CUST-0072,Matej Škof,Slovenia,B2C
CUST-0073,Krzysztof Zieliñski,Poland,B2C
CUST-0074,Nikol Mikloš,Slovakia,B2C
CUST-0075,Luka Bohinc,Slovenia,B2C
CUST-0076,Éva Kiss,Hungary,B2C
CUST-0077,Ema Procházka,Czech Republic,B2C
CUST-0078,Alexandra Radu,Romania,B2C
CUST-0079,Nikol Kováè,Slovakia,B2C
CUST-0080,László Mészáros,Hungary,B2C
CUST-0081,Eva Mikloš,Slovakia,B2C
CUST-0082,Eva Mikloš,Slovakia,B2C
CUST-0083,Mateusz Koz³owski,Poland,B2C
CUST-0084,Lukas Jelínek,Czech Republic,B2C
CUST-0085,Petr Jelínek,Czech Republic,B2C
CUST-0086,Diana Radu,Romania,B2C
CUST-0087,József Lakatos,Hungary,B2C
CUST-0088,Jana Procházka,Czech Republic,B2C
CUST-0089,Maria Ionescu,Romania,B2C
CUST-0090,Jakub Dvoøák,Czech Republic,B2C
CUST-0091,Zofia Jankowski,Poland,B2C
CUST-0092,Matthias Bauer,Austria,B2C
CUST-0093,Lukas Veselý,Czech Republic,B2C
CUST-0094,Michaela Janoš,Slovakia,B2C
CUST-0095,Eva Horák,Czech Republic,B2C
CUST-0096,Jure Novak,Slovenia,B2C
CUST-0097,Andrei Stan,Romania,B2C
CUST-0098,Anna Varga,Hungary,B2C
CUST-0099,Katalin Lakatos,Hungary,B2C
CUST-0100,Petr Veselý,Czech Republic,B2C
CUST-0101,Zuzana Kováè,Slovakia,B2C
CUST-0102,Tina Škof,Slovenia,B2C
CUST-0103,Mateusz Wiœniewski,Poland,B2C
CUST-0104,Mihai Ionescu,Romania,B2C
CUST-0105,Lukas Pichler,Austria,B2C
CUST-0106,Marta Lewandowski,Poland,B2C
CUST-0107,Michael Schmidt,Austria,B2C
CUST-0108,Bálint Tóth,Hungary,B2C
CUST-0109,Jakub Kováè,Slovakia,B2C
CUST-0110,Tomasz Lewandowski,Poland,B2C
CUST-0111,Johann Fischer,Austria,B2C
CUST-0112,Jakub Lukáè,Slovakia,B2C
CUST-0113,Luka Potoènik,Slovenia,B2C
CUST-0114,Jakub Dvoøák,Czech Republic,B2C
CUST-0115,Ioana Stan,Romania,B2C
CUST-0116,Jakub Novák,Czech Republic,B2C
CUST-0117,Éva Kovács,Hungary,B2C
CUST-0118,Matthias Müller,Austria,B2C
CUST-0119,Andrei Constantinescu,Romania,B2C
CUST-0120,Jana Horváth,Slovakia,B2C
CUST-0121,Eva Kováø,Czech Republic,B2C
CUST-0122,Mateusz Wiœniewski,Poland,B2C
CUST-0123,Tereza Èerný,Czech Republic,B2C
CUST-0124,Mateusz Zieliñski,Poland,B2C
CUST-0125,Jan Gruber,Austria,B2C
CUST-0126,Alexandra Popescu,Romania,B2C
CUST-0127,Michaela Mikloš,Slovakia,B2C
CUST-0128,Mihai Ion,Romania,B2C
CUST-0129,Anna Nagy,Hungary,B2C
CUST-0130,Anna Mazur,Poland,B2C
CUST-0131,Zsófia Nagy,Hungary,B2C
CUST-0132,Lara Bohinc,Slovenia,B2C
CUST-0133,Miklós Mészáros,Hungary,B2C
CUST-0134,Zsófia Kiss,Hungary,B2C
CUST-0135,József Szabó,Hungary,B2C
CUST-0136,Eva Novák,Slovakia,B2C
CUST-0137,Gábor Bodnár,Hungary,B2C
CUST-0138,Zsófia Varga,Hungary,B2C
CUST-0139,Lara Kovaè,Slovenia,B2C
CUST-0140,Maja Škof,Slovenia,B2C
CUST-0141,Matej Bohinc,Slovenia,B2C
CUST-0142,Radu Radu,Romania,B2C
CUST-0143,Karolina Mazur,Poland,B2C
CUST-0144,Miklós Szabó,Hungary,B2C
CUST-0145,Lukas Horák,Czech Republic,B2C
CUST-0146,Jakub Procházka,Czech Republic,B2C
CUST-0147,Michaela Kubiš,Slovakia,B2C
CUST-0148,Miklós Tóth,Hungary,B2C
CUST-0149,Diana Dumitrescu,Romania,B2C
CUST-0150,Jakob Horvat,Slovenia,B2C
CUST-0151,Alexandra Ion,Romania,B2C
CUST-0152,Michaela Svoboda,Czech Republic,B2C
CUST-0153,Marek Tóth,Slovakia,B2C
CUST-0154,Nina Horvat,Slovenia,B2C
CUST-0155,Johann Bauer,Austria,B2C
CUST-0156,David Procházka,Czech Republic,B2C
CUST-0157,Eva Procházka,Czech Republic,B2C
CUST-0158,Jan Müller,Austria,B2C
CUST-0159,Katalin Szabó,Hungary,B2C
CUST-0160,Michaela Kucera,Slovakia,B2C
CUST-0161,Matthias Fischer,Austria,B2C
CUST-0162,Nikol Kubiš,Slovakia,B2C
CUST-0163,József Szabó,Hungary,B2C
CUST-0164,Tina Novak,Slovenia,B2C
CUST-0165,Zuzana Mikloš,Slovakia,B2C
CUST-0166,Zuzana Kucera,Slovakia,B2C
CUST-0167,Emilia Koz³owski,Poland,B2C
CUST-0168,Tina Zupan,Slovenia,B2C
CUST-0169,Karolina Wiœniewski,Poland,B2C
CUST-0170,David Èerný,Czech Republic,B2C
CUST-0171,Anna Lakatos,Hungary,B2C
CUST-0172,Maria Mihãilescu,Romania,B2C
CUST-0173,Petr Veselý,Czech Republic,B2C
CUST-0174,Tina Horvat,Slovenia,B2C
CUST-0175,Nikol Lukáè,Slovakia,B2C
CUST-0176,Emilia Bauer,Austria,B2C
CUST-0177,Ema Dvoøák,Czech Republic,B2C
CUST-0178,Elena Constantinescu,Romania,B2C
CUST-0179,Zofia Kowalski,Poland,B2C
CUST-0180,Éva Kiss,Hungary,B2C
CUST-0181,Piotr Kowalski,Poland,B2C
CUST-0182,Emilia Koz³owski,Poland,B2C
CUST-0183,Lara Mlakar,Slovenia,B2C
CUST-0184,Michaela Lukáè,Slovakia,B2C
CUST-0185,Klara Škof,Slovenia,B2C
CUST-0186,Michaela Novák,Czech Republic,B2C
CUST-0187,Jan Pichler,Austria,B2C
CUST-0188,Éva Kovács,Hungary,B2C
CUST-0189,Maria Mihãilescu,Romania,B2C
CUST-0190,Ema Èermák,Czech Republic,B2C
CUST-0191,Alexandra Mihãilescu,Romania,B2C
CUST-0192,Jakub Janoš,Slovakia,B2C
CUST-0193,Michaela Lukáè,Slovakia,B2C
CUST-0194,Anna Horváth,Hungary,B2C
CUST-0195,Mateusz Szymañski,Poland,B2C
CUST-0196,Mateusz Wójcik,Poland,B2C
CUST-0197,Mihai Mihãilescu,Romania,B2C
CUST-0198,Sarah Bauer,Austria,B2C
CUST-0199,Emilia Huber,Austria,B2C
CUST-0200,Lukas Weber,Austria,B2C
CUST-0201,Tina Novak,Slovenia,B2C
CUST-0202,Andrei Ion,Romania,B2C
CUST-0203,Anna Dvoøák,Czech Republic,B2C
CUST-0204,Tomáš Tóth,Slovakia,B2C
CUST-0205,Emil Pichler,Austria,B2C
CUST-0206,Karolina Mazur,Poland,B2C
CUST-0207,Jan Fischer,Austria,B2C
CUST-0208,Emilia Gruber,Austria,B2C
CUST-0209,Zsófia Kiss,Hungary,B2C
CUST-0210,Jana Svoboda,Czech Republic,B2C
CUST-0211,Nikol Boris,Slovakia,B2C
CUST-0212,Klara Zupan,Slovenia,B2C
CUST-0213,Katalin Lakatos,Hungary,B2C
CUST-0214,Nina Mlakar,Slovenia,B2C
CUST-0215,Bálint Nagy,Hungary,B2C
CUST-0216,David Kováø,Czech Republic,B2C
CUST-0217,Matej Ozmec,Slovenia,B2C
CUST-0218,Radu Petrescu,Romania,B2C
CUST-0219,Maria Ion,Romania,B2C
CUST-0220,Elena Stan,Romania,B2C
CUST-0221,Jana Svoboda,Czech Republic,B2C
CUST-0222,Matej Kovaè,Slovenia,B2C
CUST-0223,Emilia Weber,Austria,B2C
CUST-0224,Jakub Veselý,Czech Republic,B2C
CUST-0225,Ema Kováø,Czech Republic,B2C
CUST-0226,Éva Kiss,Hungary,B2C
CUST-0227,Vlad Constantinescu,Romania,B2C
CUST-0228,Piotr Koz³owski,Poland,B2C
CUST-0229,Maria Georgescu,Romania,B2C
CUST-0230,Éva Nagy,Hungary,B2C
CUST-0231,Maja Škof,Slovenia,B2C
CUST-0232,Diana Petrescu,Romania,B2C
CUST-0233,Miklós Horváth,Hungary,B2C
CUST-0234,Jakub Dvoøák,Czech Republic,B2C
CUST-0235,Sara Zupan,Slovenia,B2C
CUST-0236,Elena Constantinescu,Romania,B2C
CUST-0237,Sara Zupan,Slovenia,B2C
CUST-0238,Mateusz Wiœniewski,Poland,B2C
CUST-0239,Elena Petrescu,Romania,B2C
CUST-0240,Jakub Novák,Czech Republic,B2C
CUST-0241,Vlad Petrescu,Romania,B2C
CUST-0242,Maja Potoènik,Slovenia,B2C
CUST-0243,Éva Kovács,Hungary,B2C
CUST-0244,Sarah Weber,Austria,B2C
CUST-0245,Tereza Èerný,Czech Republic,B2C
CUST-0246,Jan Müller,Austria,B2C
CUST-0247,Krzysztof Nowak,Poland,B2C
CUST-0248,Lukas Dvoøák,Czech Republic,B2C
CUST-0249,Laura Bauer,Austria,B2C
CUST-0250,David Veselý,Czech Republic,B2C
CUST-0251,Eva Kucera,Slovakia,B2C
CUST-0252,Tereza Dvoøák,Czech Republic,B2C
CUST-0253,Mihai Petrescu,Romania,B2C
CUST-0254,Jakub Kováè,Slovakia,B2C
CUST-0255,Ioana Petrescu,Romania,B2C
CUST-0256,Andrei Petrescu,Romania,B2C
CUST-0257,József Lakatos,Hungary,B2C
CUST-0258,Luka Horvat,Slovenia,B2C
CUST-0259,László Horváth,Hungary,B2C
CUST-0260,Lilla Nagy,Hungary,B2C
CUST-0261,Tina Kovaè,Slovenia,B2C
CUST-0262,Andrei Radu,Romania,B2C
CUST-0263,Jan Weber,Austria,B2C
CUST-0264,Diana Dumitrescu,Romania,B2C
CUST-0265,Emil Schneider,Austria,B2C
CUST-0266,Maria Mihãilescu,Romania,B2C
CUST-0267,Michaela Èerný,Czech Republic,B2C
CUST-0268,Emilia Szymañski,Poland,B2C
CUST-0269,Petr Jelínek,Czech Republic,B2C
CUST-0270,Gábor Bodnár,Hungary,B2C
CUST-0271,Michaela Boris,Slovakia,B2C
CUST-0272,Maja Mlakar,Slovenia,B2C
CUST-0273,Katalin Kovács,Hungary,B2C
CUST-0274,Jure Zupan,Slovenia,B2C
CUST-0275,David Horák,Czech Republic,B2C
CUST-0276,Gabriel Radu,Romania,B2C
CUST-0277,Karolina Mazur,Poland,B2C
CUST-0278,Emil Gruber,Austria,B2C
CUST-0279,Mateusz Kowalski,Poland,B2C
CUST-0280,Maria Constantinescu,Romania,B2C
CUST-0281,Nina Kovaè,Slovenia,B2C
CUST-0282,Anna Kováø,Czech Republic,B2C
CUST-0283,Sarah Weber,Austria,B2C
CUST-0284,Mateusz Wiœniewski,Poland,B2C
CUST-0285,László Kovács,Hungary,B2C
CUST-0286,Gábor Nagy,Hungary,B2C
CUST-0287,Ema Novák,Czech Republic,B2C
CUST-0288,Eva Tóth,Slovakia,B2C
CUST-0289,Lukáš Novák,Slovakia,B2C
CUST-0290,Maciej Jankowski,Poland,B2C
CUST-0291,Jakub Dvoøák,Czech Republic,B2C
CUST-0292,Marta Szymañski,Poland,B2C
CUST-0293,Zuzana Horváth,Slovakia,B2C
CUST-0294,Tomasz Zieliñski,Poland,B2C
CUST-0295,Anna Procházka,Czech Republic,B2C
CUST-0296,Ema Kováø,Czech Republic,B2C
CUST-0297,Tomáš Boris,Slovakia,B2C
CUST-0298,Krzysztof Wiœniewski,Poland,B2C
CUST-0299,Emilia Jankowski,Poland,B2C
CUST-0300,Luka Zupan,Slovenia,B2C
CUST-0301,Miklós Varga,Hungary,B2C
CUST-0302,Katarína Kucera,Slovakia,B2C
CUST-0303,Miklós Mészáros,Hungary,B2C
CUST-0304,Miklós Horváth,Hungary,B2C
CUST-0305,Petr Novák,Czech Republic,B2C
CUST-0306,Maciej Mazur,Poland,B2C
CUST-0307,Bálint Mészáros,Hungary,B2C
CUST-0308,Sara Mlakar,Slovenia,B2C
CUST-0309,Diana Dumitrescu,Romania,B2C
CUST-0310,Anna Lakatos,Hungary,B2C
CUST-0311,Anna Wójcik,Poland,B2C
CUST-0312,Lukas Schmidt,Austria,B2C
CUST-0313,Mateusz Zieliñski,Poland,B2C
CUST-0314,Alexandra Stan,Romania,B2C
CUST-0315,Gabriel Radu,Romania,B2C
CUST-0316,Diana Popescu,Romania,B2C
CUST-0317,Tereza Novák,Czech Republic,B2C
CUST-0318,Jakub Tóth,Slovakia,B2C
CUST-0319,Jan Weber,Austria,B2C
CUST-0320,Laura Huber,Austria,B2C
CUST-0321,Anna Kowalski,Poland,B2C
CUST-0322,Tomasz Zieliñski,Poland,B2C
CUST-0323,Nikol Lukáè,Slovakia,B2C
CUST-0324,Emilia Huber,Austria,B2C
CUST-0325,Elena Popescu,Romania,B2C
CUST-0326,Michaela Lukáè,Slovakia,B2C
CUST-0327,Jure Kovaè,Slovenia,B2C
CUST-0328,Laura Pichler,Austria,B2C
CUST-0329,Lilla Szabó,Hungary,B2C
CUST-0330,David Horák,Czech Republic,B2C
CUST-0331,Nikol Lukáè,Slovakia,B2C
CUST-0332,Eva Boris,Slovakia,B2C
CUST-0333,Éva Lakatos,Hungary,B2C
CUST-0334,Eva Novák,Slovakia,B2C
CUST-0335,Johann Kaiser,Austria,B2C
CUST-0336,Maciej Koz³owski,Poland,B2C
CUST-0337,Jakub Horák,Czech Republic,B2C
CUST-0338,Jana Èermák,Czech Republic,B2C
CUST-0339,Maria Ionescu,Romania,B2C
CUST-0340,Radu Radu,Romania,B2C
CUST-0341,Maja Kralj,Slovenia,B2C
CUST-0342,Vlad Popescu,Romania,B2C
CUST-0343,Johann Bauer,Austria,B2C
CUST-0344,Andrei Ion,Romania,B2C
CUST-0345,Emilia Nowak,Poland,B2C
CUST-0346,Jana Novák,Czech Republic,B2C
CUST-0347,Emilia Weber,Austria,B2C
CUST-0348,Anna Svoboda,Czech Republic,B2C
CUST-0349,Matej Škof,Slovenia,B2C
CUST-0350,Zsófia Kovács,Hungary,B2C
CUST-0351,Piotr Koz³owski,Poland,B2C
CUST-0352,Jakub Kováø,Czech Republic,B2C
CUST-0353,Bálint Nagy,Hungary,B2C
CUST-0354,Lara Bohinc,Slovenia,B2C
CUST-0355,Gabriel Stan,Romania,B2C
CUST-0356,Tomáš Lukáè,Slovakia,B2C
CUST-0357,Matej Ozmec,Slovenia,B2C
CUST-0358,Eva Kováè,Slovakia,B2C
CUST-0359,Maja Horvat,Slovenia,B2C
CUST-0360,Michaela Dvoøák,Czech Republic,B2C
CUST-0361,Marta Kowalski,Poland,B2C
CUST-0362,Zofia Nowak,Poland,B2C
CUST-0363,Jakub Kucera,Slovakia,B2C
CUST-0364,Diana Dumitrescu,Romania,B2C
CUST-0365,Anna Mazur,Poland,B2C
CUST-0366,Matej Zupan,Slovenia,B2C
CUST-0367,Tomasz Jankowski,Poland,B2C
CUST-0368,Petr Dvoøák,Czech Republic,B2C
CUST-0369,Lilla Lakatos,Hungary,B2C
CUST-0370,Jana Tóth,Slovakia,B2C
CUST-0371,Lara Novak,Slovenia,B2C
CUST-0372,Laura Müller,Austria,B2C
CUST-0373,Anna Veselý,Czech Republic,B2C
CUST-0374,Zofia Koz³owski,Poland,B2C
CUST-0375,Karolina Zieliñski,Poland,B2C
CUST-0376,Lukas Kováø,Czech Republic,B2C
CUST-0377,Marta Nowak,Poland,B2C
CUST-0378,Tereza Procházka,Czech Republic,B2C
CUST-0379,Emil Müller,Austria,B2C
CUST-0380,Ema Èerný,Czech Republic,B2C
CUST-0381,Anna Wójcik,Poland,B2C
CUST-0382,Ioana Ionescu,Romania,B2C
CUST-0383,Nikol Kubiš,Slovakia,B2C
CUST-0384,David Èerný,Czech Republic,B2C
CUST-0385,Jana Horváth,Slovakia,B2C
CUST-0386,Maria Constantinescu,Romania,B2C
CUST-0387,Alexandra Constantinescu,Romania,B2C
CUST-0388,Luka Kralj,Slovenia,B2C
CUST-0389,Anna Tóth,Hungary,B2C
CUST-0390,Éva Horváth,Hungary,B2C
CUST-0391,Marek Kucera,Slovakia,B2C
CUST-0392,Lukáš Novák,Slovakia,B2C
CUST-0393,Nikol Mikloš,Slovakia,B2C
CUST-0394,Johann Kaiser,Austria,B2C
CUST-0395,Eva Svoboda,Czech Republic,B2C
CUST-0396,Maciej Szymañski,Poland,B2C
CUST-0397,József Bodnár,Hungary,B2C
CUST-0398,Tomáš Kucera,Slovakia,B2C
CUST-0399,Vlad Georgescu,Romania,B2C
CUST-0400,David Veselý,Czech Republic,B2C
CUST-0401,Laura Huber,Austria,B2C
CUST-0402,Tomasz Kowalski,Poland,B2C
CUST-0403,Tomasz Kowalski,Poland,B2C
CUST-0404,Michaela Dvoøák,Czech Republic,B2C
CUST-0405,Elena Radu,Romania,B2C
CUST-0406,József Szabó,Hungary,B2C
CUST-0407,Lukáš Janoš,Slovakia,B2C
CUST-0408,Sarah Bauer,Austria,B2C
CUST-0409,Zofia Lewandowski,Poland,B2C
CUST-0410,Lukas Kováø,Czech Republic,B2C
CUST-0411,Miklós Szabó,Hungary,B2C
CUST-0412,Elena Georgescu,Romania,B2C
CUST-0413,Jure Kralj,Slovenia,B2C
CUST-0414,Éva Varga,Hungary,B2C
CUST-0415,Radu Popescu,Romania,B2C
CUST-0416,Emilia Kaiser,Austria,B2C
CUST-0417,Radu Constantinescu,Romania,B2C
CUST-0418,Krzysztof Koz³owski,Poland,B2C
CUST-0419,Johann Schmidt,Austria,B2C
CUST-0420,Tomáš Kováè,Slovakia,B2C
CUST-0421,Jakob Kovaè,Slovenia,B2C
CUST-0422,Laura Pichler,Austria,B2C
CUST-0423,Maja Bohinc,Slovenia,B2C
CUST-0424,Jakob Kovaè,Slovenia,B2C
CUST-0425,Sarah Pichler,Austria,B2C
CUST-0426,Alexandra Popescu,Romania,B2C
CUST-0427,Nina Ozmec,Slovenia,B2C
CUST-0428,Lukas Èermák,Czech Republic,B2C
CUST-0429,Michael Müller,Austria,B2C
CUST-0430,Tomáš Lukáè,Slovakia,B2C
CUST-0431,Gábor Kiss,Hungary,B2C
CUST-0432,Lukáš Boris,Slovakia,B2C
CUST-0433,Katalin Szabó,Hungary,B2C
CUST-0434,Andrei Georgescu,Romania,B2C
CUST-0435,Maciej Jankowski,Poland,B2C
CUST-0436,Emilia Schmidt,Austria,B2C
CUST-0437,Sarah Gruber,Austria,B2C
CUST-0438,Lukas Procházka,Czech Republic,B2C
CUST-0439,Elena Ion,Romania,B2C
CUST-0440,Tomáš Boris,Slovakia,B2C
CUST-0441,Eva Kováè,Slovakia,B2C
CUST-0442,Jana Svoboda,Czech Republic,B2C
CUST-0443,Bálint Szabó,Hungary,B2C
CUST-0444,József Lakatos,Hungary,B2C
CUST-0445,Andrei Georgescu,Romania,B2C
CUST-0446,Nikol Kováè,Slovakia,B2C
CUST-0447,Marta Lewandowski,Poland,B2C
CUST-0448,Jana Boris,Slovakia,B2C
CUST-0449,Gábor Kovács,Hungary,B2C
CUST-0450,Anna Szymañski,Poland,B2C
CUST-0451,Mateusz Nowak,Poland,B2C
CUST-0452,Zsófia Kovács,Hungary,B2C
CUST-0453,Sarah Schneider,Austria,B2C
CUST-0454,David Jelínek,Czech Republic,B2C
CUST-0455,József Mészáros,Hungary,B2C
CUST-0456,Sara Novak,Slovenia,B2C
CUST-0457,Lukas Dvoøák,Czech Republic,B2C
CUST-0458,Maja Kovaè,Slovenia,B2C
CUST-0459,Anna Varga,Hungary,B2C
CUST-0460,Karolina Wójcik,Poland,B2C
CUST-0461,Zofia Koz³owski,Poland,B2C
CUST-0462,Petr Kováø,Czech Republic,B2C
CUST-0463,Tomasz Wiœniewski,Poland,B2C
CUST-0464,Lukas Kováø,Czech Republic,B2C
CUST-0465,Vlad Dumitrescu,Romania,B2C
CUST-0466,Zofia Szymañski,Poland,B2C
CUST-0467,Éva Kovács,Hungary,B2C
CUST-0468,Mateusz Jankowski,Poland,B2C
CUST-0469,Emilia Koz³owski,Poland,B2C
CUST-0470,Matthias Fischer,Austria,B2C
CUST-0471,David Kováø,Czech Republic,B2C
CUST-0472,Anna Dvoøák,Czech Republic,B2C
CUST-0473,Ioana Stan,Romania,B2C
CUST-0474,Michael Kaiser,Austria,B2C
CUST-0475,Piotr Zieliñski,Poland,B2C
CUST-0476,Katarína Lukáè,Slovakia,B2C
CUST-0477,Alexandra Dumitrescu,Romania,B2C
CUST-0478,Johann Müller,Austria,B2C
CUST-0479,Jan Kaiser,Austria,B2C
CUST-0480,Matthias Müller,Austria,B2C
CUST-0481,Jakub Dvoøák,Czech Republic,B2C
CUST-0482,Lara Ozmec,Slovenia,B2C
CUST-0483,Elena Radu,Romania,B2C
CUST-0484,Maria Petrescu,Romania,B2C
CUST-0485,Jakub Boris,Slovakia,B2C
CUST-0486,Elena Radu,Romania,B2C
CUST-0487,Klara Ozmec,Slovenia,B2C
CUST-0488,Mihai Constantinescu,Romania,B2C
CUST-0489,Eva Boris,Slovakia,B2C
CUST-0490,Karolina Wiœniewski,Poland,B2C
CUST-0491,Matej Kralj,Slovenia,B2C
CUST-0492,Emilia Müller,Austria,B2C
CUST-0493,Michaela Veselý,Czech Republic,B2C
CUST-0494,Johann Pichler,Austria,B2C
CUST-0495,Tomasz Zieliñski,Poland,B2C
CUST-0496,Maria Constantinescu,Romania,B2C
CUST-0497,Klara Škof,Slovenia,B2C
CUST-0498,Elena Petrescu,Romania,B2C
CUST-0499,Laura Müller,Austria,B2C
CUST-0500,Jan Huber,Austria,B2C
CUST-0501,Eva Horváth,Slovakia,B2C
CUST-0502,Éva Szabó,Hungary,B2C
CUST-0503,Gábor Kovács,Hungary,B2C
CUST-0504,Éva Kovács,Hungary,B2C
CUST-0505,Mihai Popescu,Romania,B2C
CUST-0506,Lukas Procházka,Czech Republic,B2C
CUST-0507,Anna Kovács,Hungary,B2C
CUST-0508,Eva Procházka,Czech Republic,B2C
CUST-0509,Michael Schmidt,Austria,B2C
CUST-0510,Miklós Mészáros,Hungary,B2C
CUST-0511,Petr Kováø,Czech Republic,B2C
CUST-0512,Michaela Novák,Czech Republic,B2C
CUST-0513,Anna Szabó,Hungary,B2C
CUST-0514,Bálint Tóth,Hungary,B2C
CUST-0515,Emilia Gruber,Austria,B2C
CUST-0516,Bálint Varga,Hungary,B2C
CUST-0517,Tomasz Mazur,Poland,B2C
CUST-0518,Piotr Nowak,Poland,B2C
CUST-0519,Piotr Szymañski,Poland,B2C
CUST-0520,Zuzana Lukáè,Slovakia,B2C
